0,0,0,0,YYYYY,MM,DD,hh,mm
362,21,12,11,2020,05,10,23,15
362,21,12,11,2020,05,10,23,39
362,21,12,11,2020,05,10,23,48
362,21,12,11,2020,05,10,23,52
362,23,14,11,2020,05,10,23,56
362,24,14,12,2020,05,11,00,02
362,30,17,15,2020,05,11,00,06
363,34,19,17,2020,05,11,00,46
363,34,19,17,2020,05,11,03,12
364,34,19,17,2020,05,12,22,31
365,34,19,17,2020,05,12,23,03
366,34,19,17,2020,05,12,23,04
366,34,19,17,2020,05,12,23,04
366,34,19,17,2020,05,12,23,18
366,34,19,17,2020,05,13,00,05
366,34,19,17,2020,05,13,00,11
366,34,19,17,2020,05,13,00,15
366,34,19,17,2020,05,13,00,22
366,37,21,18,2020,05,13,00,27
366,37,21,18,2020,05,13,00,35
366,37,21,18,2020,05,13,00,43
366,37,21,18,2020,05,13,00,46
366,37,21,18,2020,05,13,00,52
366,37,21,18,2020,05,13,01,03
366,37,21,18,2020,05,13,01,04
366,37,21,18,2020,05,13,01,09
366,37,21,18,2020,05,13,01,11
366,37,21,18,2020,05,13,01,32
366,37,21,18,2020,05,13,01,36
366,37,21,18,2020,05,13,01,38
367,37,21,18,2020,05,13,02,23
368,37,21,18,2020,05,13,02,26
369,37,21,18,2020,05,13,02,32
369,37,21,18,2020,05,13,02,35
369,0,0,0,2020,05,13,02,50
369,1,0,1,2020,05,13,11,23
369,1,0,1,2020,05,13,11,30
369,1,0,1,2020,05,13,11,39
369,1,0,1,2020,05,13,15,16
369,1,0,1,2020,05,13,15,18
369,1,0,1,2020,05,13,15,20
370,1,0,1,2020,05,14,01,31
371,1,0,1,2020,05,14,02,20
371,1,0,1,2020,05,14,10,38
371,1,0,1,2020,05,14,22,49
372,1,0,1,2020,05,15,14,04
373,1,0,1,2020,05,15,14,07
374,1,0,1,2020,05,15,14,10
375,1,0,1,2020,05,15,14,14
376,1,0,1,2020,05,15,14,15
377,1,0,1,2020,05,15,14,17
378,1,0,1,2020,05,15,14,18
379,1,0,1,2020,05,15,14,21
380,1,0,1,2020,05,15,14,26
381,1,0,1,2020,05,15,14,30
382,1,0,1,2020,05,15,14,35
383,1,0,1,2020,05,15,15,35
384,1,0,1,2020,05,15,15,45
385,1,0,1,2020,05,15,15,54
386,1,0,1,2020,05,15,17,47
387,1,0,1,2020,05,15,17,50
387,1,0,1,2020,05,15,18,53
387,1,0,1,2020,05,15,18,57
387,1,0,1,2020,05,15,18,57
387,1,0,1,2020,05,15,18,58
387,1,0,1,2020,05,15,18,59
387,1,0,1,2020,05,15,18,59
387,1,0,1,2020,05,15,19,03
387,1,0,1,2020,05,15,19,04
387,1,0,1,2020,05,15,19,04
388,1,0,1,2020,05,15,21,00
389,1,0,1,2020,05,15,21,31
390,1,0,1,2020,05,15,21,34
391,1,0,1,2020,05,15,21,36
392,1,0,1,2020,05,15,21,39
393,1,0,1,2020,05,15,21,42
393,1,0,1,2020,05,16,00,14
393,1,0,1,2020,05,16,00,14
393,1,0,1,2020,05,16,00,15
393,1,0,1,2020,05,16,00,15
393,1,0,1,2020,05,16,02,37
394,1,0,1,2020,05,16,13,58
395,1,0,1,2020,05,16,17,02
397,1,0,1,2020,05,16,17,45
398,1,0,1,2020,05,16,17,50
398,1,0,1,2020,05,17,03,30
398,1,0,1,2020,05,17,03,31
399,1,0,1,2020,05,17,22,15
400,1,0,1,2020,05,17,22,31
401,1,0,1,2020,05,17,22,33
402,1,0,1,2020,05,17,23,38
403,1,0,1,2020,05,18,00,12
403,1,0,1,2020,05,18,00,12
403,1,0,1,2020,05,18,00,12
403,1,0,1,2020,05,18,00,12
403,1,0,1,2020,05,18,00,36
404,1,0,1,2020,05,18,01,06
404,1,0,1,2020,05,18,02,34
398,1,0,1,2020,05,18,02,35
398,1,0,1,2020,05,18,02,35
398,1,0,1,2020,05,18,02,36
398,1,0,1,2020,05,18,02,36
399,1,0,1,2020,05,18,12,45
400,1,0,1,2020,05,18,12,46
401,1,0,1,2020,05,18,12,47
402,1,0,1,2020,05,18,12,48
403,1,0,1,2020,05,18,12,49
404,1,0,1,2020,05,18,12,50
405,1,0,1,2020,05,18,12,50
405,1,0,1,2020,05,18,19,30
405,1,0,1,2020,05,20,18,04
405,1,0,1,2020,05,21,01,07
405,1,0,1,2020,05,21,01,07
405,1,0,1,2020,05,21,01,08
406,1,0,1,2020,05,21,01,08
406,1,0,1,2020,05,21,01,08
406,1,0,1,2020,05,21,01,09
406,1,0,1,2020,05,21,01,09
407,1,0,1,2020,05,21,17,20
408,1,0,1,2020,05,21,17,22
409,1,0,1,2020,05,21,17,43
410,1,0,1,2020,05,21,19,44
411,1,0,1,2020,05,21,19,46
411,1,0,1,2020,05,22,00,20
411,1,0,1,2020,05,22,00,20
411,1,0,1,2020,05,22,20,12
411,1,0,1,2020,05,23,02,32
411,1,0,1,2020,05,25,21,25
412,1,0,1,2020,05,26,12,03
412,1,0,1,2020,05,26,13,14
413,1,0,1,2020,05,26,16,48
414,1,0,1,2020,05,26,16,49
415,1,0,1,2020,05,26,16,52
416,1,0,1,2020,05,26,16,53
417,1,0,1,2020,05,26,23,19
417,1,0,1,2020,05,27,02,15
417,1,0,1,2020,05,27,02,15
418,1,0,1,2020,05,27,18,18
419,1,0,1,2020,05,27,18,19
420,1,0,1,2020,05,27,18,26
421,1,0,1,2020,05,27,18,30
421,1,0,1,2020,05,27,23,41
421,1,0,1,2020,05,29,00,01
421,1,0,1,2020,05,29,00,01
421,1,0,1,2020,05,29,00,01
421,1,0,1,2020,05,29,04,21
422,1,0,1,2020,05,31,03,46
423,1,0,1,2020,05,31,04,11
423,1,0,1,2020,05,31,04,11
421,1,0,1,2020,05,31,04,29
421,1,0,1,2020,05,31,04,29
421,1,0,1,2020,05,31,04,29
422,1,0,1,2020,05,31,11,25
423,1,0,1,2020,05,31,11,28
423,1,0,1,2020,05,31,14,29
424,1,0,1,2020,06,02,14,02
425,1,0,1,2020,06,02,16,23
426,1,0,1,2020,06,03,02,12
426,1,0,1,2020,06,03,02,12
426,1,0,1,2020,06,03,02,12
426,1,0,1,2020,06,03,02,21
426,1,0,1,2020,06,03,02,21
426,1,0,1,2020,06,03,02,21
426,1,0,1,2020,06,03,02,21
427,1,0,1,2020,06,03,02,43
428,1,0,1,2020,06,03,02,56
429,1,0,1,2020,06,03,14,22
430,1,0,1,2020,06,03,19,37
431,1,0,1,2020,06,03,19,44
432,1,0,1,2020,06,03,19,47
433,1,0,1,2020,06,03,19,48
434,1,0,1,2020,06,03,19,49
435,1,0,1,2020,06,03,19,57
436,1,0,1,2020,06,03,22,50
436,1,0,1,2020,06,04,17,40
436,1,0,1,2020,06,04,17,40
437,1,0,1,2020,06,04,17,43
437,1,0,1,2020,06,04,17,43
437,1,0,1,2020,06,04,17,43
437,1,0,1,2020,06,04,17,43
438,1,0,1,2020,06,04,18,23
439,1,0,1,2020,06,04,18,26
439,1,0,1,2020,06,05,04,21
439,1,0,1,2020,06,05,04,21
439,1,0,1,2020,06,06,04,28
440,1,0,1,2020,06,06,16,26
440,1,0,1,2020,06,07,21,17
440,1,0,1,2020,06,07,21,17
440,1,0,1,2020,06,10,22,47
440,1,0,1,2020,06,10,22,47
440,1,0,1,2020,06,10,22,47
440,2,1,1,2020,06,17,23,47
440,2,1,1,2020,06,18,02,24
440,5,2,3,2020,06,18,03,35
441,5,2,3,2020,06,20,02,18
441,5,2,3,2020,06,20,02,18
442,5,2,3,2020,06,20,02,46
442,5,2,3,2020,06,20,02,46
442,5,2,3,2020,06,20,02,59
442,5,2,3,2020,06,20,02,59
443,5,2,3,2020,06,20,15,16
444,5,2,3,2020,06,20,15,17
445,5,2,3,2020,06,20,17,32
445,5,2,3,2020,06,21,02,54
445,5,2,3,2020,06,21,20,51
446,5,2,3,2020,06,21,21,38
447,5,2,3,2020,06,21,21,39
448,5,2,3,2020,06,21,21,41
449,5,2,3,2020,06,21,21,43
450,5,2,3,2020,06,21,22,47
451,5,2,3,2020,06,21,22,49
452,5,2,3,2020,06,21,22,52
453,5,2,3,2020,06,21,23,27
454,5,2,3,2020,06,21,23,37
455,5,2,3,2020,06,21,23,42
456,5,2,3,2020,06,21,23,44
457,5,2,3,2020,06,21,23,55
458,5,2,3,2020,06,22,00,58
458,5,2,3,2020,06,22,00,58
459,5,2,3,2020,06,22,00,59
459,5,2,3,2020,06,22,00,59
459,5,2,3,2020,06,22,00,59
459,5,2,3,2020,06,22,01,26
460,5,2,3,2020,06,22,14,58
461,5,2,3,2020,06,22,15,01
462,5,2,3,2020,06,22,15,05
463,5,2,3,2020,06,22,15,11
464,5,2,3,2020,06,22,15,22
465,5,2,3,2020,06,22,19,44
466,5,2,3,2020,06,22,19,45
467,5,2,3,2020,06,22,20,12
468,5,2,3,2020,06,22,20,25
469,5,2,3,2020,06,22,20,27
470,5,2,3,2020,06,22,20,31
470,5,2,3,2020,06,23,00,45
470,5,2,3,2020,06,23,00,45
471,5,2,3,2020,06,23,00,46
472,5,2,3,2020,06,23,03,03
472,5,2,3,2020,06,23,03,03
473,5,2,3,2020,06,23,14,10
474,5,2,3,2020,06,23,16,18
475,5,2,3,2020,06,23,17,54
477,5,2,3,2020,06,23,20,57
478,5,2,3,2020,06,23,21,13
478,5,2,3,2020,06,24,01,57
478,5,2,3,2020,06,24,01,57
479,5,2,3,2020,06,25,00,14
479,5,2,3,2020,06,25,00,26
480,5,2,3,2020,06,25,18,11
481,5,2,3,2020,06,25,18,45
482,5,2,3,2020,06,25,19,10
483,5,2,3,2020,06,25,22,00
484,5,2,3,2020,06,25,22,13
485,5,2,3,2020,06,25,22,15
486,5,2,3,2020,06,25,22,19
487,5,2,3,2020,06,25,23,00
487,5,2,3,2020,06,26,00,53
487,5,2,3,2020,06,26,00,53
487,5,2,3,2020,06,26,00,53
487,5,2,3,2020,06,26,00,53
487,5,2,3,2020,06,26,03,44
487,5,2,3,2020,06,27,04,14
487,5,2,3,2020,06,28,03,05
488,5,2,3,2020,06,28,19,35
489,5,2,3,2020,06,28,23,55
489,5,2,3,2020,06,29,00,43
489,5,2,3,2020,06,29,00,43
490,5,2,3,2020,06,29,09,57
491,5,2,3,2020,06,29,09,58
491,5,2,3,2020,06,29,10,03
492,5,2,3,2020,06,29,21,05
493,5,2,3,2020,06,29,21,15
493,5,2,3,2020,06,30,01,18
493,5,2,3,2020,06,30,01,18
494,5,2,3,2020,06,30,01,21
494,5,2,3,2020,06,30,02,37
494,5,2,3,2020,07,01,03,27
494,5,2,3,2020,07,02,01,40
495,5,2,3,2020,07,02,21,41
496,5,2,3,2020,07,02,22,04
496,5,2,3,2020,07,02,23,33
497,5,2,3,2020,07,04,21,18
497,5,2,3,2020,07,04,21,31
497,5,2,3,2020,07,07,01,19
497,5,2,3,2020,07,07,01,20
497,5,2,3,2020,07,07,01,20
497,5,2,3,2020,07,07,01,20
497,5,2,3,2020,07,07,01,20
498,5,2,3,2020,07,07,01,24
499,5,2,3,2020,07,11,02,45
499,5,2,3,2020,07,11,04,12
500,5,2,3,2020,07,11,23,46
500,5,2,3,2020,07,12,01,54
501,5,2,3,2020,07,12,22,38
502,5,2,3,2020,07,12,23,48
503,5,2,3,2020,07,12,23,49
504,5,2,3,2020,07,13,00,40
504,5,2,3,2020,07,13,00,41
504,5,2,3,2020,07,13,00,41
504,5,2,3,2020,07,13,00,41
504,5,2,3,2020,07,13,00,59
504,5,2,3,2020,07,13,22,53
506,5,2,3,2020,07,13,23,54
507,5,2,3,2020,07,14,01,34
508,5,2,3,2020,07,14,01,42
509,5,2,3,2020,07,14,02,12
510,5,2,3,2020,07,14,02,39
510,5,2,3,2020,07,14,03,16
511,5,2,3,2020,07,14,22,14
511,5,2,3,2020,07,14,22,35
511,5,2,3,2020,07,15,02,24
511,5,2,3,2020,07,15,02,24
512,39,15,24,2020,07,15,18,20
513,39,15,24,2020,07,15,18,22
514,39,15,24,2020,07,15,20,58
514,39,15,24,2020,07,16,01,25
514,39,15,24,2020,07,16,01,25
515,39,15,24,2020,07,16,19,39
516,39,15,24,2020,07,16,22,52
516,39,15,24,2020,07,17,02,29
516,39,15,24,2020,07,17,02,29
516,39,15,24,2020,07,19,01,47
516,39,15,24,2020,07,19,04,15
516,39,15,24,2020,07,20,04,25
517,39,15,24,2020,07,21,03,55
518,39,15,24,2020,07,21,04,06
519,39,15,24,2020,07,21,22,31
520,39,15,24,2020,07,22,00,47
520,39,15,24,2020,07,22,00,48
520,39,15,24,2020,07,22,00,48
520,39,15,24,2020,07,22,00,48
521,39,15,24,2020,07,22,02,21
522,39,15,24,2020,07,22,03,13
522,39,15,24,2020,07,22,03,16
523,39,15,24,2020,07,22,20,28
523,39,15,24,2020,07,23,00,26
523,39,15,24,2020,07,23,00,26
523,39,15,24,2020,07,23,00,26
523,39,15,24,2020,07,23,00,26
524,39,15,24,2020,07,23,02,38
524,39,15,24,2020,07,23,03,36
525,39,15,24,2020,07,23,19,48
526,39,15,24,2020,07,23,19,51
527,39,15,24,2020,07,23,19,54
528,39,15,24,2020,07,23,19,58
529,39,15,24,2020,07,23,20,02
530,39,15,24,2020,07,23,20,05
531,39,15,24,2020,07,23,20,08
532,39,15,24,2020,07,23,20,12
533,39,15,24,2020,07,23,20,18
534,39,15,24,2020,07,23,21,13
534,39,15,24,2020,07,24,00,55
534,39,15,24,2020,07,24,00,55
535,39,15,24,2020,07,24,00,56
536,39,15,24,2020,07,24,21,12
536,39,15,24,2020,07,25,03,55
536,39,15,24,2020,07,25,03,55
537,39,15,24,2020,07,25,19,24
538,39,15,24,2020,07,25,19,29
539,39,15,24,2020,07,25,22,41
540,39,15,24,2020,07,25,23,43
540,39,15,24,2020,07,26,00,20
540,39,15,24,2020,07,26,00,20
541,39,15,24,2020,07,26,00,46
542,39,15,24,2020,07,26,00,59
543,39,15,24,2020,07,26,01,00
544,39,15,24,2020,07,26,01,02
544,39,15,24,2020,07,26,03,30
544,39,15,24,2020,07,26,13,17
544,39,15,24,2020,07,27,02,36
545,39,15,24,2020,07,27,02,38
545,39,15,24,2020,07,27,02,38
545,39,15,24,2020,07,27,02,39
545,39,15,24,2020,07,27,02,39
545,39,15,24,2020,07,27,02,39
546,39,15,24,2020,07,27,02,40
547,39,15,24,2020,07,27,02,44
547,39,15,24,2020,07,27,03,13
548,39,15,24,2020,07,27,22,06
549,39,15,24,2020,07,27,22,08
549,39,15,24,2020,07,28,00,01
549,39,15,24,2020,07,28,00,01
549,39,15,24,2020,07,28,02,55
550,39,15,24,2020,07,28,12,51
551,39,15,24,2020,07,28,14,04
552,39,15,24,2020,07,28,14,07
553,39,15,24,2020,07,28,14,10
556,39,15,24,2020,07,28,14,20
557,39,15,24,2020,07,28,14,25
557,39,15,24,2020,07,29,00,29
557,39,15,24,2020,07,29,00,29
558,39,15,24,2020,07,29,15,27
559,39,15,24,2020,07,29,15,30
559,39,15,24,2020,07,29,16,06
559,39,15,24,2020,07,29,16,20
559,39,15,24,2020,07,29,16,20
559,39,15,24,2020,07,29,16,21
560,39,15,24,2020,07,29,17,17
561,39,15,24,2020,07,29,18,50
562,39,15,24,2020,07,29,19,54
563,39,15,24,2020,07,29,20,01
564,39,15,24,2020,07,29,20,45
564,39,15,24,2020,07,31,01,27
566,39,15,24,2020,07,31,02,00
568,39,15,24,2020,07,31,03,16
570,39,15,24,2020,07,31,03,37
570,39,15,24,2020,07,31,04,36
570,39,15,24,2020,07,31,15,16
570,39,15,24,2020,07,31,19,42
571,39,15,24,2020,07,31,20,17
572,39,15,24,2020,07,31,21,50
573,39,15,24,2020,07,31,23,00
573,39,15,24,2020,08,01,01,45
573,39,15,24,2020,08,01,01,45
573,39,15,24,2020,08,01,01,45
573,39,15,24,2020,08,01,01,45
574,39,15,24,2020,08,01,01,46
575,39,15,24,2020,08,01,03,20
576,39,15,24,2020,08,01,03,22
576,39,15,24,2020,08,01,04,21
576,39,15,24,2020,08,01,21,28
577,39,15,24,2020,08,01,22,10
578,39,15,24,2020,08,01,22,12
578,39,15,24,2020,08,02,01,18
578,39,15,24,2020,08,02,01,18
579,39,15,24,2020,08,02,01,20
580,39,15,24,2020,08,02,01,24
581,39,15,24,2020,08,02,01,25
582,39,15,24,2020,08,02,01,28
582,39,15,24,2020,08,02,02,55
583,39,15,24,2020,08,02,20,54
584,39,15,24,2020,08,02,20,55
585,39,15,24,2020,08,02,23,11
586,39,15,24,2020,08,02,23,11
587,39,15,24,2020,08,02,23,29
587,39,15,24,2020,08,03,01,35
587,39,15,24,2020,08,03,01,35
587,39,15,24,2020,08,03,01,35
588,39,15,24,2020,08,03,01,36
589,39,15,24,2020,08,03,01,39
590,39,15,24,2020,08,03,01,44
590,39,15,24,2020,08,03,03,22
591,39,15,24,2020,08,03,17,25
592,39,15,24,2020,08,03,17,39
593,39,15,24,2020,08,03,19,41
594,39,15,24,2020,08,03,22,12
595,39,15,24,2020,08,04,01,04
595,39,15,24,2020,08,04,01,04
595,39,15,24,2020,08,04,01,04
595,39,15,24,2020,08,04,01,04
596,39,15,24,2020,08,04,01,35
597,39,15,24,2020,08,04,03,17
598,39,15,24,2020,08,04,18,59
600,39,15,24,2020,08,04,19,29
601,39,15,24,2020,08,04,23,33
602,39,15,24,2020,08,04,23,58
602,39,15,24,2020,08,04,23,58
603,39,15,24,2020,08,05,20,52
604,39,15,24,2020,08,05,21,34
605,39,15,24,2020,08,05,23,12
606,39,15,24,2020,08,05,23,13
606,39,15,24,2020,08,06,00,49
606,39,15,24,2020,08,06,00,49
606,39,15,24,2020,08,06,00,49
606,39,15,24,2020,08,06,00,49
606,39,15,24,2020,08,06,04,14
607,39,15,24,2020,08,06,19,11
608,39,15,24,2020,08,06,22,29
609,39,15,24,2020,08,06,22,41
610,39,15,24,2020,08,06,23,02
611,39,15,24,2020,08,06,23,12
611,39,15,24,2020,08,07,01,57
611,39,15,24,2020,08,07,01,57
611,39,15,24,2020,08,07,01,57
611,39,15,24,2020,08,07,01,57
612,39,15,24,2020,08,07,01,58
612,39,15,24,2020,08,07,06,19
614,39,15,24,2020,08,07,22,28
615,39,15,24,2020,08,07,22,39
616,39,15,24,2020,08,07,23,19
617,39,15,24,2020,08,08,02,51
617,39,15,24,2020,08,08,02,51
617,39,15,24,2020,08,08,02,51
617,39,15,24,2020,08,08,02,51
617,39,15,24,2020,08,08,05,36
618,39,15,24,2020,08,08,15,54
619,39,15,24,2020,08,08,16,04
619,39,15,24,2020,08,09,03,45
619,39,15,24,2020,08,09,05,44
620,39,15,24,2020,08,10,04,23
620,39,15,24,2020,08,10,06,05
621,39,15,24,2020,08,10,14,32
622,39,15,24,2020,08,10,14,33
623,39,15,24,2020,08,10,14,34
623,39,15,24,2020,08,11,05,20
623,39,15,24,2020,08,11,05,20
623,39,15,24,2020,08,12,02,11
623,39,15,24,2020,08,12,02,11
623,39,15,24,2020,08,12,03,43
624,39,15,24,2020,08,12,20,53
624,39,15,24,2020,08,13,03,04
624,39,15,24,2020,08,13,03,04
624,39,15,24,2020,08,13,03,04
624,39,15,24,2020,08,13,03,04
625,39,15,24,2020,08,13,03,05
626,39,15,24,2020,08,13,03,06
626,39,15,24,2020,08,13,04,01
627,39,15,24,2020,08,13,21,15
628,39,15,24,2020,08,13,21,22
629,39,15,24,2020,08,13,22,08
630,39,15,24,2020,08,13,22,14
632,39,15,24,2020,08,13,22,35
633,39,15,24,2020,08,13,22,36
633,39,15,24,2020,08,14,04,22
633,39,15,24,2020,08,14,04,22
634,39,15,24,2020,08,14,21,02
635,39,15,24,2020,08,14,21,09
636,39,15,24,2020,08,14,21,16
637,39,15,24,2020,08,14,21,17
638,39,15,24,2020,08,15,00,04
638,39,15,24,2020,08,15,00,04
638,39,15,24,2020,08,15,00,04
638,39,15,24,2020,08,15,04,21
639,39,15,24,2020,08,15,22,53
639,39,15,24,2020,08,16,05,42
640,39,15,24,2020,08,16,16,51
640,39,15,24,2020,08,17,01,32
640,39,15,24,2020,08,17,01,32
640,39,15,24,2020,08,17,01,32
640,39,15,24,2020,08,17,01,32
641,39,15,24,2020,08,17,01,34
641,39,15,24,2020,08,17,03,09
641,39,15,24,2020,08,18,02,18
641,39,15,24,2020,08,18,02,18
641,39,15,24,2020,08,18,02,18
642,39,15,24,2020,08,18,02,18
644,39,15,24,2020,08,18,02,27
644,39,15,24,2020,08,18,04,02
644,39,15,24,2020,08,19,05,35
645,39,15,24,2020,08,19,15,51
646,39,15,24,2020,08,20,01,10
646,39,15,24,2020,08,20,01,10
646,39,15,24,2020,08,20,01,10
646,39,15,24,2020,08,20,01,10
647,39,15,24,2020,08,20,01,13
648,39,15,24,2020,08,20,01,14
648,43,16,27,2020,08,20,03,26
648,43,16,27,2020,08,21,04,38
649,43,16,27,2020,08,21,17,10
650,43,16,27,2020,08,21,17,11
651,43,16,27,2020,08,21,17,14
652,43,16,27,2020,08,21,17,18
653,43,16,27,2020,08,21,19,29
654,43,16,27,2020,08,21,19,35
655,43,16,27,2020,08,21,20,23
656,43,16,27,2020,08,21,20,24
657,43,16,27,2020,08,21,22,31
657,43,16,27,2020,08,22,05,18
657,43,16,27,2020,08,22,05,18
657,43,16,27,2020,08,23,05,08
657,43,16,27,2020,08,24,05,20
658,43,16,27,2020,08,24,15,57
659,43,16,27,2020,08,24,16,41
659,43,16,27,2020,08,25,01,49
659,43,16,27,2020,08,26,03,48
660,43,16,27,2020,08,26,18,11
661,43,16,27,2020,08,26,18,13
661,43,16,27,2020,08,27,01,31
661,43,16,27,2020,08,27,01,31
662,43,16,27,2020,08,27,01,32
662,43,16,27,2020,08,27,05,21
662,43,16,27,2020,08,28,05,19
662,43,16,27,2020,08,29,01,53
662,43,16,27,2020,08,29,01,53
662,43,16,27,2020,08,29,05,55
662,43,16,27,2020,08,29,23,56
662,44,16,28,2020,08,30,15,58
662,44,16,28,2020,08,31,01,02
662,44,16,28,2020,08,31,20,40
664,44,16,28,2020,09,01,21,50
665,44,16,28,2020,09,01,21,53
666,44,16,28,2020,09,01,22,09
666,44,16,28,2020,09,02,03,44
666,44,16,28,2020,09,02,03,44
666,44,16,28,2020,09,02,14,39
667,44,16,28,2020,09,02,14,44
667,44,16,28,2020,09,02,15,49
668,44,16,28,2020,09,02,21,04
669,44,16,28,2020,09,02,21,06
670,44,16,28,2020,09,03,01,12
670,44,16,28,2020,09,03,01,12
670,44,16,28,2020,09,03,01,12
670,44,16,28,2020,09,03,01,12
671,44,16,28,2020,09,04,22,46
672,44,16,28,2020,09,04,22,55
673,44,16,28,2020,09,04,22,56
674,44,16,28,2020,09,04,22,59
675,44,16,28,2020,09,04,23,01
678,44,16,28,2020,09,04,23,14
679,44,16,28,2020,09,04,23,18
680,44,16,28,2020,09,04,23,20
681,44,16,28,2020,09,04,23,21
682,44,16,28,2020,09,04,23,24
683,44,16,28,2020,09,04,23,26
684,44,16,28,2020,09,04,23,28
685,44,16,28,2020,09,05,00,08
685,44,16,28,2020,09,05,00,08
685,44,16,28,2020,09,05,00,08
686,44,16,28,2020,09,05,00,12
687,44,16,28,2020,09,05,00,14
688,44,16,28,2020,09,05,00,17
689,44,16,28,2020,09,05,00,18
690,44,16,28,2020,09,05,00,21
691,44,16,28,2020,09,05,00,22
692,44,16,28,2020,09,05,00,28
693,44,16,28,2020,09,05,00,28
694,44,16,28,2020,09,05,00,31
695,44,16,28,2020,09,05,00,35
696,44,16,28,2020,09,05,00,37
697,44,16,28,2020,09,05,00,41
698,44,16,28,2020,09,05,00,42
699,44,16,28,2020,09,05,00,46
700,44,16,28,2020,09,05,00,46
701,44,16,28,2020,09,05,00,49
702,44,16,28,2020,09,05,00,49
703,44,16,28,2020,09,05,00,52
704,44,16,28,2020,09,05,00,54
705,44,16,28,2020,09,05,00,56
706,44,16,28,2020,09,05,00,58
707,44,16,28,2020,09,05,01,01
708,44,16,28,2020,09,05,01,02
709,44,16,28,2020,09,05,01,04
710,44,16,28,2020,09,05,01,06
711,44,16,28,2020,09,05,01,07
711,44,16,28,2020,09,05,03,42
712,44,16,28,2020,09,05,22,15
713,44,16,28,2020,09,05,22,17
714,44,16,28,2020,09,05,22,19
715,44,16,28,2020,09,05,22,22
716,44,16,28,2020,09,05,22,24
717,44,16,28,2020,09,05,22,28
718,44,16,28,2020,09,05,22,31
719,44,16,28,2020,09,05,22,32
720,44,16,28,2020,09,05,22,34
721,44,16,28,2020,09,05,22,35
722,44,16,28,2020,09,05,22,39
723,44,16,28,2020,09,05,22,41
724,44,16,28,2020,09,05,22,43
725,44,16,28,2020,09,05,22,45
726,44,16,28,2020,09,05,22,46
727,44,16,28,2020,09,05,22,48
728,44,16,28,2020,09,05,22,51
729,44,16,28,2020,09,05,22,53
730,44,16,28,2020,09,05,22,55
731,44,16,28,2020,09,05,22,56
732,44,16,28,2020,09,05,22,57
733,44,16,28,2020,09,05,23,01
734,44,16,28,2020,09,05,23,03
735,44,16,28,2020,09,05,23,07
737,44,16,28,2020,09,05,23,11
738,44,16,28,2020,09,05,23,13
739,44,16,28,2020,09,05,23,15
740,44,16,28,2020,09,05,23,16
741,44,16,28,2020,09,05,23,18
742,44,16,28,2020,09,05,23,20
743,44,16,28,2020,09,05,23,22
744,44,16,28,2020,09,05,23,24
745,44,16,28,2020,09,05,23,27
746,44,16,28,2020,09,05,23,30
747,44,16,28,2020,09,05,23,32
748,44,16,28,2020,09,05,23,33
749,44,16,28,2020,09,05,23,41
750,44,16,28,2020,09,05,23,43
751,44,16,28,2020,09,05,23,45
752,44,16,28,2020,09,05,23,47
753,44,16,28,2020,09,05,23,49
753,44,16,28,2020,09,06,00,59
753,44,16,28,2020,09,06,00,59
754,44,16,28,2020,09,06,00,59
755,44,16,28,2020,09,06,01,02
756,44,16,28,2020,09,06,01,04
757,44,16,28,2020,09,06,01,05
758,44,16,28,2020,09,06,01,09
759,44,16,28,2020,09,06,01,12
760,44,16,28,2020,09,06,01,13
761,44,16,28,2020,09,06,01,21
762,44,16,28,2020,09,06,01,23
763,44,16,28,2020,09,06,01,25
764,44,16,28,2020,09,06,01,29
765,44,16,28,2020,09,06,01,32
766,44,16,28,2020,09,06,01,33
767,44,16,28,2020,09,06,01,34
768,44,16,28,2020,09,06,01,42
769,44,16,28,2020,09,06,01,45
770,44,16,28,2020,09,06,01,46
771,44,16,28,2020,09,06,01,48
772,44,16,28,2020,09,06,01,50
773,44,16,28,2020,09,06,01,54
774,44,16,28,2020,09,06,01,57
775,44,16,28,2020,09,06,01,59
776,44,16,28,2020,09,06,02,00
777,44,16,28,2020,09,06,02,02
778,44,16,28,2020,09,06,02,04
779,44,16,28,2020,09,06,02,10
780,44,16,28,2020,09,06,02,19
781,44,16,28,2020,09,06,02,25
783,44,16,28,2020,09,06,02,31
784,44,16,28,2020,09,06,02,33
786,44,16,28,2020,09,06,02,39
787,44,16,28,2020,09,06,02,41
788,44,16,28,2020,09,06,02,43
789,44,16,28,2020,09,06,02,44
790,44,16,28,2020,09,06,02,47
791,44,16,28,2020,09,06,02,51
792,44,16,28,2020,09,06,02,57
792,44,16,28,2020,09,06,02,59
792,44,16,28,2020,09,06,14,49
792,44,16,28,2020,09,07,00,40
792,44,16,28,2020,09,07,00,40
792,44,16,28,2020,09,07,01,17
792,44,16,28,2020,09,07,17,33
792,44,16,28,2020,09,07,19,44
792,44,16,28,2020,09,08,00,22
792,44,16,28,2020,09,08,03,12
793,44,16,28,2020,09,08,17,34
793,44,16,28,2020,09,09,02,59
793,44,16,28,2020,09,09,02,59
793,55,20,35,2020,09,09,03,10
793,71,27,44,2020,09,09,03,17
794,71,27,44,2020,09,09,17,55
794,71,27,44,2020,09,09,21,39
794,71,27,44,2020,09,10,00,40
794,71,27,44,2020,09,10,00,40
794,71,27,44,2020,09,10,00,40
794,71,27,44,2020,09,10,00,41
795,71,27,44,2020,09,10,19,37
796,71,27,44,2020,09,10,19,39
797,71,27,44,2020,09,10,19,47
798,71,27,44,2020,09,10,19,54
799,71,27,44,2020,09,10,20,26
800,71,27,44,2020,09,10,22,00
800,71,27,44,2020,09,11,00,18
800,71,27,44,2020,09,11,00,18
800,71,27,44,2020,09,11,00,18
800,71,27,44,2020,09,11,00,18
800,71,27,44,2020,09,11,00,26
800,71,27,44,2020,09,11,09,42
801,71,27,44,2020,09,11,14,36
802,71,27,44,2020,09,11,21,05
803,71,27,44,2020,09,11,21,08
803,71,27,44,2020,09,12,00,46
803,71,27,44,2020,09,12,00,46
803,90,32,58,2020,09,12,00,56
803,90,32,58,2020,09,12,21,18
804,122,46,76,2020,09,13,00,48
804,122,46,76,2020,09,13,00,48
804,122,46,76,2020,09,13,00,48
804,122,46,76,2020,09,13,00,48
804,122,46,76,2020,09,13,00,53
804,122,46,76,2020,09,14,01,56
804,122,46,76,2020,09,14,11,21
805,122,46,76,2020,09,15,00,51
806,122,46,76,2020,09,15,00,54
807,122,46,76,2020,09,15,00,59
807,122,46,76,2020,09,15,02,30
807,122,46,76,2020,09,17,03,19
808,122,46,76,2020,09,17,14,03
808,122,46,76,2020,09,18,03,23
808,122,46,76,2020,09,18,03,23
809,122,46,76,2020,09,18,10,28
810,122,46,76,2020,09,18,10,30
811,122,46,76,2020,09,18,10,32
812,122,46,76,2020,09,18,10,35
813,122,46,76,2020,09,18,10,36
814,122,46,76,2020,09,18,10,39
815,122,46,76,2020,09,18,10,55
815,122,46,76,2020,09,18,13,56
815,122,46,76,2020,09,19,01,56
815,122,46,76,2020,09,19,01,56
816,122,46,76,2020,09,19,12,42
816,122,46,76,2020,09,19,18,19
816,122,46,76,2020,09,20,03,50
816,122,46,76,2020,09,20,03,50
817,122,46,76,2020,09,24,02,14
817,122,46,76,2020,09,24,02,35
817,122,46,76,2020,09,25,03,28
817,122,46,76,2020,09,25,19,48
817,122,46,76,2020,09,26,02,44
818,122,46,76,2020,09,26,19,07
818,122,46,76,2020,09,27,02,31
818,122,46,76,2020,09,27,02,31
819,122,46,76,2020,09,27,20,28
820,122,46,76,2020,09,27,20,59
821,122,46,76,2020,09,27,21,00
822,122,46,76,2020,09,27,21,11
823,122,46,76,2020,09,27,23,47
823,122,46,76,2020,09,28,02,02
823,122,46,76,2020,09,28,02,02
823,122,46,76,2020,09,29,00,22
824,122,46,76,2020,09,29,00,23
824,122,46,76,2020,09,29,00,23
824,122,46,76,2020,09,29,00,23
824,122,46,76,2020,09,29,00,23
824,122,46,76,2020,09,29,00,23
825,122,46,76,2020,09,29,00,24
826,122,46,76,2020,09,29,00,40
826,122,46,76,2020,09,29,02,40
827,122,46,76,2020,09,29,14,18
828,122,46,76,2020,09,29,14,30
829,122,46,76,2020,09,29,14,36
830,122,46,76,2020,09,29,15,09
831,122,46,76,2020,09,29,15,14
832,122,46,76,2020,09,29,15,19
833,122,46,76,2020,09,29,15,29
834,122,46,76,2020,09,29,15,30
835,122,46,76,2020,09,29,15,35
837,122,46,76,2020,09,29,16,30
838,122,46,76,2020,09,29,16,33
839,122,46,76,2020,09,29,16,58
840,122,46,76,2020,09,29,18,10
841,122,46,76,2020,09,29,18,12
842,122,46,76,2020,09,29,18,15
844,122,46,76,2020,09,29,18,25
845,122,46,76,2020,09,29,18,26
846,122,46,76,2020,09,29,18,33
847,122,46,76,2020,09,29,21,20
848,122,46,76,2020,09,29,21,21
848,122,46,76,2020,09,30,02,13
848,122,46,76,2020,09,30,02,13
848,123,46,77,2020,09,30,02,19
849,123,46,77,2020,09,30,02,26
849,123,46,77,2020,09,30,02,26
850,123,46,77,2020,09,30,13,21
851,123,46,77,2020,09,30,13,32
852,123,46,77,2020,09,30,13,39
853,123,46,77,2020,09,30,13,41
854,123,46,77,2020,09,30,13,51
855,123,46,77,2020,09,30,16,02
856,123,46,77,2020,09,30,16,53
857,123,46,77,2020,09,30,17,12
858,123,46,77,2020,09,30,21,50
858,123,46,77,2020,10,01,02,39
858,123,46,77,2020,10,01,02,39
858,123,46,77,2020,10,02,00,03
859,123,46,77,2020,10,02,00,05
859,123,46,77,2020,10,02,02,53
859,123,46,77,2020,10,03,02,29
859,123,46,77,2020,10,04,04,37
860,123,46,77,2020,10,04,19,25
861,123,46,77,2020,10,04,19,26
862,123,46,77,2020,10,04,19,38
863,123,46,77,2020,10,04,21,00
863,123,46,77,2020,10,05,02,29
863,123,46,77,2020,10,05,02,29
863,123,46,77,2020,10,06,03,14
863,123,46,77,2020,10,07,03,25
864,123,46,77,2020,10,07,14,46
865,123,46,77,2020,10,07,14,48
866,123,46,77,2020,10,07,15,45
867,123,46,77,2020,10,07,15,46
868,123,46,77,2020,10,07,16,21
868,123,46,77,2020,10,07,17,44
868,123,46,77,2020,10,08,03,27
868,123,46,77,2020,10,08,13,02
868,123,46,77,2020,10,08,16,01
869,123,46,77,2020,10,09,02,32
870,123,46,77,2020,10,09,02,35
870,123,46,77,2020,10,09,03,06
871,123,46,77,2020,10,09,18,19
872,123,46,77,2020,10,09,23,24
872,123,46,77,2020,10,10,01,02
872,123,46,77,2020,10,10,01,02
873,123,46,77,2020,10,10,01,05
874,123,46,77,2020,10,10,01,07
875,123,46,77,2020,10,10,01,26
876,123,46,77,2020,10,10,01,59
876,123,46,77,2020,10,10,02,02
876,123,46,77,2020,10,11,03,16
876,123,46,77,2020,10,11,03,16
877,123,46,77,2020,10,11,20,36
878,123,46,77,2020,10,11,20,38
878,123,46,77,2020,10,12,01,13
878,123,46,77,2020,10,12,01,13
879,123,46,77,2020,10,12,12,34
880,123,46,77,2020,10,13,01,45
880,123,46,77,2020,10,13,01,45
880,123,46,77,2020,10,13,01,46
880,123,46,77,2020,10,13,01,46
880,123,46,77,2020,10,13,03,14
881,123,46,77,2020,10,14,16,44
881,123,46,77,2020,10,14,22,20
881,123,46,77,2020,10,15,00,48
881,123,46,77,2020,10,15,02,03
882,123,46,77,2020,10,15,17,38
883,123,46,77,2020,10,15,17,48
884,123,46,77,2020,10,15,18,03
885,123,46,77,2020,10,15,18,53
886,123,46,77,2020,10,15,22,22
886,123,46,77,2020,10,16,03,07
886,123,46,77,2020,10,16,03,07
887,123,46,77,2020,10,16,21,13
888,123,46,77,2020,10,16,21,16
889,123,46,77,2020,10,16,22,43
890,123,46,77,2020,10,16,22,48
891,123,46,77,2020,10,17,02,31
892,123,46,77,2020,10,17,03,37
893,123,46,77,2020,10,17,03,38
893,123,46,77,2020,10,17,03,38
894,123,46,77,2020,10,17,17,37
895,123,46,77,2020,10,17,17,48
896,123,46,77,2020,10,17,17,50
897,123,46,77,2020,10,17,18,39
898,123,46,77,2020,10,17,20,04
899,123,46,77,2020,10,17,23,29
899,123,46,77,2020,10,18,00,41
899,123,46,77,2020,10,18,00,51
899,123,46,77,2020,10,18,00,51
899,123,46,77,2020,10,19,00,06
899,123,46,77,2020,10,19,01,22
899,123,46,77,2020,10,19,01,22
899,123,46,77,2020,10,19,01,22
899,123,46,77,2020,10,19,01,22
899,123,46,77,2020,10,19,01,22
899,123,46,77,2020,10,19,01,22
899,123,46,77,2020,10,19,01,23
899,123,46,77,2020,10,19,01,23
899,123,46,77,2020,10,19,01,23
899,123,46,77,2020,10,19,01,23
899,123,46,77,2020,10,19,03,22
900,123,46,77,2020,10,19,14,38
901,123,46,77,2020,10,19,14,56
902,123,46,77,2020,10,19,14,58
903,123,46,77,2020,10,19,18,02
904,123,46,77,2020,10,19,18,04
905,123,46,77,2020,10,19,19,44
906,123,46,77,2020,10,19,22,04
906,123,46,77,2020,10,19,22,08
907,123,46,77,2020,10,20,00,26
908,123,46,77,2020,10,20,00,59
909,123,46,77,2020,10,20,01,07
910,123,46,77,2020,10,20,01,19
910,123,46,77,2020,10,20,02,51
911,123,46,77,2020,10,20,15,15
911,123,46,77,2020,10,21,00,39
911,123,46,77,2020,10,21,00,52
911,123,46,77,2020,10,21,00,52
912,123,46,77,2020,10,21,00,53
913,123,46,77,2020,10,21,01,04
914,123,46,77,2020,10,21,02,31
915,123,46,77,2020,10,21,02,32
916,123,46,77,2020,10,21,02,58
916,123,46,77,2020,10,21,03,51
917,123,46,77,2020,10,21,14,31
917,123,46,77,2020,10,21,15,11
918,123,46,77,2020,10,22,22,55
919,123,46,77,2020,10,22,22,59
920,123,46,77,2020,10,22,23,10
921,123,46,77,2020,10,22,23,13
921,123,46,77,2020,10,23,01,52
921,123,46,77,2020,10,23,01,52
922,123,46,77,2020,10,23,01,53
922,123,46,77,2020,10,23,01,53
922,123,46,77,2020,10,23,01,53
923,123,46,77,2020,10,23,02,02
924,123,46,77,2020,10,23,02,07
925,123,46,77,2020,10,23,03,12
926,123,46,77,2020,10,23,03,24
927,123,46,77,2020,10,23,03,31
928,123,46,77,2020,10,23,03,35
929,123,46,77,2020,10,23,03,39
930,123,46,77,2020,10,23,03,41
931,123,46,77,2020,10,23,03,55
932,123,46,77,2020,10,23,03,57
933,123,46,77,2020,10,23,04,01
934,123,46,77,2020,10,23,15,51
935,123,46,77,2020,10,24,15,18
936,123,46,77,2020,10,25,01,27
936,123,46,77,2020,10,25,01,27
936,123,46,77,2020,10,25,01,27
936,123,46,77,2020,10,25,01,27
937,123,46,77,2020,10,25,01,50
938,123,46,77,2020,10,25,02,08
939,123,46,77,2020,10,25,02,35
939,123,46,77,2020,10,25,02,52
940,123,46,77,2020,11,01,16,52
941,123,46,77,2020,11,09,11,14
941,123,46,77,2020,11,09,22,27
942,123,46,77,2020,11,10,10,37
943,123,46,77,2020,11,11,11,30
943,123,46,77,2020,11,11,13,29
943,123,46,77,2020,11,12,22,14
944,123,46,77,2020,11,17,08,25
945,123,46,77,2020,11,17,09,12
945,123,46,77,2020,11,17,21,53
946,123,46,77,2020,11,19,15,28
947,123,46,77,2020,11,20,09,45
948,123,46,77,2020,11,20,16,13
948,123,46,77,2020,11,20,17,37
948,123,46,77,2020,11,20,23,19
949,123,46,77,2020,11,21,15,03
950,123,46,77,2020,11,21,19,03
950,123,46,77,2020,11,21,22,56
951,123,46,77,2020,11,22,11,07
952,123,46,77,2020,11,22,11,08
953,123,46,77,2020,11,22,18,42
953,123,46,77,2020,11,23,00,29
953,123,46,77,2020,11,23,00,29
954,123,46,77,2020,11,23,12,29
955,123,46,77,2020,11,23,13,19
956,123,46,77,2020,11,24,15,50
957,123,46,77,2020,11,25,10,11
958,123,46,77,2020,11,25,10,16
959,123,46,77,2020,11,25,12,37
960,123,46,77,2020,11,25,16,09
961,123,46,77,2020,11,26,10,30
962,123,46,77,2020,11,26,18,06
964,123,46,77,2020,11,26,20,49
965,123,46,77,2020,11,26,22,12
965,123,46,77,2020,11,26,22,27
966,123,46,77,2020,11,27,18,50
967,123,46,77,2020,11,27,22,21
967,123,46,77,2020,11,27,22,21
967,123,46,77,2020,11,28,22,25
968,123,46,77,2020,12,05,08,39
969,123,46,77,2020,12,05,08,41
970,123,46,77,2020,12,05,08,45
971,123,46,77,2020,12,05,09,06
972,123,46,77,2020,12,05,09,12
972,123,46,77,2020,12,05,09,31
972,123,46,77,2020,12,05,09,35
972,123,46,77,2020,12,05,09,39
972,123,46,77,2020,12,05,09,40
972,123,46,77,2020,12,06,19,10
972,123,46,77,2020,12,06,19,22
973,123,46,77,2020,12,07,12,57
974,123,46,77,2020,12,07,13,45
975,123,46,77,2020,12,07,13,48
976,123,46,77,2020,12,07,14,36
977,123,46,77,2020,12,07,14,37
977,123,46,77,2020,12,07,19,04
978,123,46,77,2020,12,24,19,29
979,123,46,77,2020,12,24,23,09
979,123,46,77,2020,12,25,00,11
979,123,46,77,2020,12,25,00,11
979,123,46,77,2020,12,25,16,27
980,123,46,77,2020,12,25,18,28
980,123,46,77,2020,12,26,00,17
980,123,46,77,2020,12,26,00,17
981,123,46,77,2020,12,26,15,11
982,123,46,77,2020,12,26,15,20
982,123,46,77,2020,12,27,00,39
982,123,46,77,2020,12,27,00,39
982,123,46,77,2020,12,28,02,18
982,123,46,77,2020,12,28,02,18
983,123,46,77,2020,12,28,18,47
983,123,46,77,2020,12,29,03,36
984,123,46,77,2020,12,29,20,26
985,123,46,77,2020,12,29,22,35
985,123,46,77,2020,12,30,03,30
985,123,46,77,2020,12,30,03,59
985,123,46,77,2021,01,01,03,28
985,123,46,77,2021,01,01,03,28
985,144,48,96,2022,09,17,14,49
986,144,48,96,2022,09,17,14,55
986,144,48,96,2022,09,17,14,55
986,144,48,96,2022,09,17,15,03
986,144,48,96,2022,09,17,15,03
987,144,48,96,2022,09,17,20,10
987,146,48,98,2022,10,07,21,48
987,146,48,98,2022,10,08,11,17
987,146,48,98,2022,10,07,22,03
987,146,48,98,2022,10,07,22,04
987,146,48,98,2022,10,07,22,05
987,146,48,98,2022,10,07,22,05
987,146,48,98,2022,10,07,22,08
987,146,48,98,2022,10,07,22,08
987,146,48,98,2022,10,07,22,12
987,146,48,98,2022,10,07,22,13
987,146,48,98,2022,10,07,22,14
987,146,48,98,2022,10,07,22,19
987,146,48,98,2022,10,07,22,19
987,146,48,98,2022,10,07,22,20
987,146,48,98,2022,10,07,22,20
987,146,48,98,2022,10,07,22,20
987,147,48,99,2022,10,07,22,32
987,147,48,99,2022,10,07,22,33
987,147,48,99,2022,10,07,22,34
987,147,48,99,2022,10,07,22,34
987,147,48,99,2022,10,07,22,51
987,147,48,99,2022,10,07,22,51
987,148,48,100,2022,10,07,22,56
987,149,48,101,2022,10,07,23,17
987,149,48,101,2022,10,08,08,08
987,151,50,101,2022,10,08,08,27
988,151,50,101,2022,10,08,08,31
988,151,50,101,2022,10,08,08,31
988,151,50,101,2022,10,08,08,35
989,151,50,101,2022,10,08,08,40
989,151,50,101,2022,10,08,08,41
989,151,50,101,2022,10,08,08,45
989,151,50,101,2022,10,08,09,08
989,152,50,102,2022,10,08,09,11
989,153,50,103,2022,10,08,09,12
989,154,50,104,2022,10,08,09,15
989,154,50,104,2022,10,08,09,26
990,154,50,104,2022,10,08,09,31
990,154,50,104,2022,10,08,09,32
990,154,50,104,2022,10,08,09,33
990,154,50,104,2022,10,08,09,33
991,155,50,105,2022,10,08,09,52
991,155,50,105,2022,10,08,09,52
991,155,50,105,2022,10,08,09,52
991,155,50,105,2022,10,08,10,13
991,155,50,105,2022,10,08,10,15
992,155,50,105,2022,10,08,10,23
992,155,50,105,2022,10,08,10,24
992,155,50,105,2022,10,08,10,25
992,155,50,105,2022,10,08,10,29
992,155,50,105,2022,10,08,10,29
993,155,50,105,2022,10,08,10,35
993,155,50,105,2022,10,08,10,35
993,155,50,105,2022,10,08,10,42
992,155,50,105,2022,10,08,11,06
992,155,50,105,2022,10,08,11,07
992,155,50,105,2022,10,08,11,14
